{"count":1,"self":66.9873216,"total":103.6435324,"children":{"InitializeActuators":{"count":16,"self":0.0029806999999999998,"total":0.0029806999999999998,"children":null},"InitializeSensors":{"count":16,"self":0.0024798999999999997,"total":0.0024798999999999997,"children":null},"AgentSendState":{"count":5001,"self":0.69866949999999994,"total":1.2385886,"children":{"CollectObservations":{"count":16016,"self":0.18663439999999998,"total":0.18663439999999998,"children":null},"CollectDiscreteActionMasks":{"count":16016,"self":0.1190135,"total":0.1190135,"children":null},"RequestDecision":{"count":16016,"self":0.23427119999999999,"total":0.23427119999999999,"children":null}}},"DecideAction":{"count":5001,"self":5.9108351999999993,"total":6.9015898,"children":{"RayPerceptionSensor.Perceive":{"count":32032,"self":0.99075459999999993,"total":0.99075459999999993,"children":null}}},"AgentAct":{"count":5001,"self":28.5095776,"total":28.509578899999998,"children":null}},"gauges":{"AgentBehavior.CumulativeReward":{"count":177,"max":4.9998,"min":-1.2656033,"runningAverage":4.73375,"value":4.9864,"weightedAverage":4.913695}},"metadata":{"timer_format_version":"0.1.0","start_time_seconds":"1607215842","unity_version":"2019.4.2f1","command_line_arguments":"C:\\Program Files\\Unity\\Hub\\Editor\\2019.4.2f1\\Editor\\Unity.exe -projectpath C:\/Users\/Adrian\/Documents\/School\/College\/Senior_Design\/RL-Senior-Project\/UnitySeniorProject -useHub -hubIPC -cloudEnvironment production -hubSessionId 452a9810-32b9-11eb-bfe7-65c22da4fa1a","communication_protocol_version":"1.1.0","com.unity.ml-agents_version":"1.4.0-preview","scene_name":"MediumEnvrionment","end_time_seconds":"1607215946"}}