{"cameraMode":{"drawMode":0,"name":"Shaded","section":"Shading Mode"},"sceneLighting":false,"audioPlay":false,"sceneViewState":{"showFog":true,"showMaterialUpdate":false,"showSkybox":false,"showFlares":true,"showImageEffects":true,"showParticleSystems":true},"in2DMode":false,"pivot":{"x":4.210000038146973,"y":0.2999999523162842,"z":-2.5699996948242189},"rotation":{"x":0.38856568932533266,"y":0.321717232465744,"z":-0.14692284166812898,"w":0.8508415818214417},"size":5.244044303894043,"orthographic":true}