{"cameraMode":{"drawMode":0,"name":"Shaded","section":"Shading Mode"},"sceneLighting":false,"audioPlay":false,"sceneViewState":{"showFog":true,"showMaterialUpdate":false,"showSkybox":false,"showFlares":true,"showImageEffects":true,"showParticleSystems":true},"in2DMode":false,"pivot":{"x":1.5499999523162842,"y":2.0999999046325685,"z":-0.7350000143051148},"rotation":{"x":0.1620066910982132,"y":0.2629361152648926,"z":-0.04483690485358238,"w":0.9500587582588196},"size":12.533124923706055,"orthographic":true}