{"cameraMode":{"drawMode":0,"name":"Shaded","section":"Shading Mode"},"sceneLighting":false,"audioPlay":false,"sceneViewState":{"showFog":true,"showMaterialUpdate":false,"showSkybox":false,"showFlares":true,"showImageEffects":true,"showParticleSystems":true},"in2DMode":false,"pivot":{"x":0.7986993789672852,"y":8.214252471923829,"z":2.2235107421875},"rotation":{"x":0.2017599493265152,"y":0.2832711935043335,"z":-0.06108764186501503,"w":0.9355853796005249},"size":13.490578651428223,"orthographic":false}