{
    "name": "root",
    "gauges": {
        "AgentBehavior.Policy.Entropy.mean": {
            "value": 0.6189894080162048,
            "min": 0.6189894080162048,
            "max": 1.9280116558074951,
            "count": 8
        },
        "AgentBehavior.Environment.EpisodeLength.mean": {
            "value": 10.778060634112475,
            "min": 9.485660059046817,
            "max": 48.46023856858847,
            "count": 8
        },
        "AgentBehavior.Policy.ExtrinsicValueEstimate.mean": {
            "value": 4.508983612060547,
            "min": 0.53428053855896,
            "max": 4.564517498016357,
            "count": 8
        },
        "AgentBehavior.Environment.CumulativeReward.mean": {
            "value": 4.910646468268217,
            "min": 1.0464171277942942,
            "max": 4.912850791444043,
            "count": 8
        },
        "AgentBehavior.Policy.ExtrinsicReward.mean": {
            "value": 4.910646468268217,
            "min": 1.0464171277942942,
            "max": 4.912850791444043,
            "count": 8
        },
        "AgentBehavior.Losses.ValueLoss.mean": {
            "value": 0.2646532952785492,
            "min": 0.2646532952785492,
            "max": 1.8213796615600586,
            "count": 8
        },
        "AgentBehavior.Losses.PolicyLoss.mean": {
            "value": 0.019846316426992416,
            "min": 0.019846316426992416,
            "max": 0.02568681910634041,
            "count": 8
        },
        "AgentBehavior.Policy.LearningRate.mean": {
            "value": 7.537703640991822e-05,
            "min": 7.537703640991822e-05,
            "max": 0.000284600246232003,
            "count": 8
        },
        "AgentBehavior.Policy.Epsilon.mean": {
            "value": 0.12512564659118652,
            "min": 0.12512564659118652,
            "max": 0.19486671686172485,
            "count": 8
        },
        "AgentBehavior.Policy.Beta.mean": {
            "value": 0.0012637700419873,
            "min": 0.0012637700419873,
            "max": 0.004743850789964199,
            "count": 8
        },
        "AgentBehavior.IsTraining.mean": {
            "value": 1.0,
            "min": 1.0,
            "max": 1.0,
            "count": 8
        }
    },
    "metadata": {
        "timer_format_version": "0.1.0",
        "start_time_seconds": "1606621409",
        "python_version": "3.7.8 (tags/v3.7.8:4b47a5b6ba, Jun 28 2020, 08:53:46) [MSC v.1916 64 bit (AMD64)]",
        "command_line_arguments": "C:\\Users\\Adrian\\AppData\\Local\\Programs\\Python\\Python37\\Scripts\\mlagents-learn config/ppo/SimpleEnvironment.yaml --run-id=SErun2",
        "mlagents_version": "0.20.0",
        "mlagents_envs_version": "0.20.0",
        "communication_protocol_version": "1.1.0",
        "tensorflow_version": "2.3.0",
        "numpy_version": "1.18.5",
        "end_time_seconds": "1606622593"
    },
    "total": 1183.9489363999999,
    "count": 1,
    "self": 0.006510000000162108,
    "children": {
        "run_training.setup": {
            "total": 0.00908869999999995,
            "count": 1,
            "self": 0.00908869999999995
        },
        "TrainerController.start_learning": {
            "total": 1183.9333376999998,
            "count": 1,
            "self": 1.4140155999921262,
            "children": {
                "TrainerController._reset_env": {
                    "total": 8.2958244,
                    "count": 1,
                    "self": 8.2958244
                },
                "TrainerController.advance": {
                    "total": 1173.9194540000078,
                    "count": 49596,
                    "self": 0.7327150999853984,
                    "children": {
                        "env_step": {
                            "total": 1173.1867389000224,
                            "count": 49596,
                            "self": 1146.1831371000328,
                            "children": {
                                "SubprocessEnvManager._take_step": {
                                    "total": 26.293846399994422,
                                    "count": 49596,
                                    "self": 1.1935110999935077,
                                    "children": {
                                        "TFPolicy.evaluate": {
                                            "total": 25.100335300000914,
                                            "count": 27501,
                                            "self": 25.100335300000914
                                        }
                                    }
                                },
                                "workers": {
                                    "total": 0.7097553999950943,
                                    "count": 49595,
                                    "self": 0.0,
                                    "children": {
                                        "worker_root": {
                                            "total": 1174.8011750999883,
                                            "count": 49595,
                                            "is_parallel": true,
                                            "self": 98.83845189998192,
                                            "children": {
                                                "steps_from_proto": {
                                                    "total": 0.0010571999999999804,
                                                    "count": 1,
                                                    "is_parallel": true,
                                                    "self": 0.0003292999999988666,
                                                    "children": {
                                                        "_process_vector_observation": {
                                                            "total": 0.0007279000000011138,
                                                            "count": 4,
                                                            "is_parallel": true,
                                                            "self": 0.0007279000000011138
                                                        }
                                                    }
                                                },
                                                "UnityEnvironment.step": {
                                                    "total": 1075.9616660000063,
                                                    "count": 49595,
                                                    "is_parallel": true,
                                                    "self": 7.912315799991575,
                                                    "children": {
                                                        "UnityEnvironment._generate_step_input": {
                                                            "total": 4.976344899985593,
                                                            "count": 49595,
                                                            "is_parallel": true,
                                                            "self": 4.976344899985593
                                                        },
                                                        "communicator.exchange": {
                                                            "total": 1034.558084700012,
                                                            "count": 49595,
                                                            "is_parallel": true,
                                                            "self": 1034.558084700012
                                                        },
                                                        "steps_from_proto": {
                                                            "total": 28.51492060001717,
                                                            "count": 49595,