{"cameraMode":{"drawMode":0,"name":"Shaded","section":"Shading Mode"},"sceneLighting":false,"audioPlay":false,"sceneViewState":{"showFog":true,"showMaterialUpdate":false,"showSkybox":false,"showFlares":true,"showImageEffects":true,"showParticleSystems":true},"in2DMode":false,"pivot":{"x":-0.42151689529418948,"y":-1.7646560668945313,"z":0.6088482737541199},"rotation":{"x":-0.30108150839805605,"y":0.6296504735946655,"z":-0.2893882989883423,"w":-0.6550930142402649},"size":5.861696720123291,"orthographic":false}