{
    "name": "root",
    "gauges": {
        "SimpleEnvironment1.0.Policy.Entropy.mean": {
            "value": 0.11417878419160843,
            "min": 0.11417878419160843,
            "max": 1.4549949169158936,
            "count": 7
        },
        "SimpleEnvironment1.0.Environment.EpisodeLength.mean": {
            "value": 7.16886580572712,
            "min": 7.037558685446009,
            "max": 14.573838567350117,
            "count": 7
        },
        "SimpleEnvironment1.0.Policy.ExtrinsicValueEstimate.mean": {
            "value": 4.768616676330566,
            "min": 3.109771728515625,
            "max": 4.7766337394714355,
            "count": 7
        },
        "SimpleEnvironment1.0.Environment.CumulativeReward.mean": {
            "value": 4.989707532253751,
            "min": 4.5377826054801975,
            "max": 4.989707532253751,
            "count": 7
        },
        "SimpleEnvironment1.0.Policy.ExtrinsicReward.mean": {
            "value": 4.989707532253751,
            "min": 4.5377826054801975,
            "max": 4.989707532253751,
            "count": 7
        },
        "SimpleEnvironment1.0.Losses.ValueLoss.mean": {
            "value": 0.049086034297943115,
            "min": 0.03332352638244629,
            "max": 1.6043869256973267,
            "count": 7
        },
        "SimpleEnvironment1.0.Losses.PolicyLoss.mean": {
            "value": 0.06756597012281418,
            "min": 0.06669726967811584,
            "max": 0.07018046081066132,
            "count": 7
        },
        "SimpleEnvironment1.0.Policy.LearningRate.mean": {
            "value": 0.00024147845397237688,
            "min": 0.00024147845397237688,
            "max": 0.00029535286012105644,
            "count": 7
        },
        "SimpleEnvironment1.0.Policy.Epsilon.mean": {
            "value": 0.1804928183555603,
            "min": 0.1804928183555603,
            "max": 0.1984509378671646,
            "count": 7
        },
        "SimpleEnvironment1.0.Policy.Beta.mean": {
            "value": 0.008051230572164059,
            "min": 0.008051230572164059,
            "max": 0.009845247492194176,
            "count": 7
        },
        "SimpleEnvironment1.0.IsTraining.mean": {
            "value": 1.0,
            "min": 1.0,
            "max": 1.0,
            "count": 7
        }
    },
    "metadata": {
        "timer_format_version": "0.1.0",
        "start_time_seconds": "1607239712",
        "python_version": "3.7.8 (tags/v3.7.8:4b47a5b6ba, Jun 28 2020, 08:53:46) [MSC v.1916 64 bit (AMD64)]",
        "command_line_arguments": "C:\\Users\\Adrian\\AppData\\Local\\Programs\\Python\\Python37\\Scripts\\mlagents-learn config/ppo/SimpleEnvironment.yaml --run-id=SErun5",
        "mlagents_version": "0.20.0",
        "mlagents_envs_version": "0.20.0",
        "communication_protocol_version": "1.1.0",
        "tensorflow_version": "2.3.0",
        "numpy_version": "1.18.5",
        "end_time_seconds": "1607240865"
    },
    "total": 1152.7068257,
    "count": 1,
    "self": 0.007792699999981778,
    "children": {
        "run_training.setup": {
            "total": 0.01177550000000016,
            "count": 1,
            "self": 0.01177550000000016
        },
        "TrainerController.start_learning": {
            "total": 1152.6872575,
            "count": 1,
            "self": 1.192858699988392,
            "children": {
                "TrainerController._reset_env": {
                    "total": 6.626033,
                    "count": 1,
                    "self": 6.626033
                },
                "TrainerController.advance": {
                    "total": 1144.5332526000116,
                    "count": 39934,
                    "self": 0.6208381000242298,
                    "children": {
                        "env_step": {
                            "total": 1143.9124144999873,
                            "count": 39934,
                            "self": 1127.297477299989,
                            "children": {
                                "SubprocessEnvManager._take_step": {
                                    "total": 16.014645299997323,
                                    "count": 39934,
                                    "self": 0.860470600003751,
                                    "children": {
                                        "TFPolicy.evaluate": {
                                            "total": 15.154174699993572,
                                            "count": 13208,
                                            "self": 15.154174699993572
                                        }
                                    }
                                },
                                "workers": {
                                    "total": 0.6002919000010358,
                                    "count": 39933,
                                    "self": 0.0,
                                    "children": {
                                        "worker_root": {
                                            "total": 1145.542672199992,
                                            "count": 39933,
                                            "is_parallel": true,
                                            "self": 80.01971029998754,
                                            "children": {
                                                "steps_from_proto": {
                                                    "total": 0.0013998000000006172,
                                                    "count": 1,
                                                    "is_parallel": true,
                                                    "self": 0.00031190000000069773,
                                                    "children": {
                                                        "_process_vector_observation": {
                                                            "total": 0.0010878999999999195,
                                                            "count": 2,
                                                            "is_parallel": true,
                                                            "self": 0.0010878999999999195
                                                        }
                                                    }
                                                },
                                                "UnityEnvironment.step": {
                                                    "total": 1065.5215621000045,
                                                    "count": 39933,
                                                    "is_parallel": true,
                                                    "self": 6.633331300017289,
                                                    "children": {
                                                        "UnityEnvironment._generate_step_input": {
                                                            "total": 4.796665099996586,
                                                            "count": 39933,
                                                            "is_parallel": true,
                                                            "self": 4.796665099996586
                                                        },
                                                        "communicator.exchange": {
                                                            "total": 1033.826572299991,
                                                            "count": 39933,
                                                            "is_parallel": true,
                                                            "self": 1033.826572299991
                                                        },
                                                        "steps_from_proto": {
                                                            "total": 20.264993399999625,