{
    "name": "root",
    "gauges": {
        "AgentBehavior2.0.Policy.Entropy.mean": {
            "value": 0.17327657341957092,
            "min": 0.16354934871196747,
            "max": 1.927119493484497,
            "count": 50
        },
        "AgentBehavior2.0.Environment.EpisodeLength.mean": {
            "value": 61.60606060606061,
            "min": 52.98743718592965,
            "max": 183.1578947368421,
            "count": 50
        },
        "AgentBehavior2.0.Policy.ExtrinsicValueEstimate.mean": {
            "value": 2.374161958694458,
            "min": -0.47361719608306885,
            "max": 3.1590492725372314,
            "count": 50
        },
        "AgentBehavior2.0.Environment.CumulativeReward.mean": {
            "value": 3.6831281015254334,
            "min": 0.03581543056628643,
            "max": 4.460671882857294,
            "count": 50
        },
        "AgentBehavior2.0.Policy.ExtrinsicReward.mean": {
            "value": 3.6831281015254334,
            "min": 0.03581543056628643,
            "max": 4.460671882857294,
            "count": 50
        },
        "AgentBehavior2.0.Losses.ValueLoss.mean": {
            "value": 0.36888858675956726,
            "min": 0.2249906361103058,
            "max": 0.7222089767456055,
            "count": 50
        },
        "AgentBehavior2.0.Losses.PolicyLoss.mean": {
            "value": 0.06915943324565887,
            "min": 0.06381964683532715,
            "max": 0.07447241991758347,
            "count": 50
        },
        "AgentBehavior2.0.Policy.LearningRate.mean": {
            "value": 2.810262003549724e-06,
            "min": 2.810262003549724e-06,
            "max": 0.00029690132942050695,
            "count": 50
        },
        "AgentBehavior2.0.Policy.Epsilon.mean": {
            "value": 0.10093673318624496,
            "min": 0.10093673318624496,
            "max": 0.1989671289920807,
            "count": 50
        },
        "AgentBehavior2.0.Policy.Beta.mean": {
            "value": 5.674237763741985e-05,
            "min": 5.674237763741985e-05,
            "max": 0.0049484590999782085,
            "count": 50
        },
        "AgentBehavior2.0.IsTraining.mean": {
            "value": 1.0,
            "min": 1.0,
            "max": 1.0,
            "count": 50
        }
    },
    "metadata": {
        "timer_format_version": "0.1.0",
        "start_time_seconds": "1607222806",
        "python_version": "3.7.8 (tags/v3.7.8:4b47a5b6ba, Jun 28 2020, 08:53:46) [MSC v.1916 64 bit (AMD64)]",
        "command_line_arguments": "C:\\Users\\Adrian\\AppData\\Local\\Programs\\Python\\Python37\\Scripts\\mlagents-learn config/ppo/MediumEnvironment.yaml --run-id=MErun6",
        "mlagents_version": "0.20.0",
        "mlagents_envs_version": "0.20.0",
        "communication_protocol_version": "1.1.0",
        "tensorflow_version": "2.3.0",
        "numpy_version": "1.18.5",
        "end_time_seconds": "1607225939"
    },
    "total": 3133.2522911,
    "count": 1,
    "self": 0.5678078000000824,
    "children": {
        "run_training.setup": {
            "total": 0.012371599999999816,
            "count": 1,
            "self": 0.012371599999999816
        },
        "TrainerController.start_learning": {
            "total": 3132.6721117,
            "count": 1,
            "self": 2.357812300040223,
            "children": {
                "TrainerController._reset_env": {
                    "total": 11.1905391,
                    "count": 1,
                    "self": 11.1905391
                },
                "TrainerController.advance": {
                    "total": 3118.85197719996,
                    "count": 72888,
                    "self": 1.2380076999061203,
                    "children": {
                        "env_step": {
                            "total": 3117.613969500054,
                            "count": 72888,
                            "self": 3047.0237773000704,
                            "children": {
                                "SubprocessEnvManager._take_step": {
                                    "total": 69.44140549997826,
                                    "count": 72888,
                                    "self": 2.65748279997743,
                                    "children": {
                                        "TFPolicy.evaluate": {
                                            "total": 66.78392270000083,
                                            "count": 62536,
                                            "self": 66.78392270000083
                                        }
                                    }
                                },
                                "workers": {
                                    "total": 1.1487867000049725,
                                    "count": 72888,
                                    "self": 0.0,
                                    "children": {
                                        "worker_root": {
                                            "total": 3120.0100846000687,
                                            "count": 72888,
                                            "is_parallel": true,
                                            "self": 208.42661300012014,
                                            "children": {
                                                "steps_from_proto": {
                                                    "total": 0.002644800000000558,
                                                    "count": 1,
                                                    "is_parallel": true,
                                                    "self": 0.0005453999999982528,
                                                    "children": {
                                                        "_process_vector_observation": {
                                                            "total": 0.002099400000002305,
                                                            "count": 6,
                                                            "is_parallel": true,
                                                            "self": 0.002099400000002305
                                                        }
                                                    }
                                                },
                                                "UnityEnvironment.step": {
                                                    "total": 2911.5808267999487,
                                                    "count": 72888,
                                                    "is_parallel": true,
                                                    "self": 19.48739499999965,
                                                    "children": {
                                                        "UnityEnvironment._generate_step_input": {
                                                            "total": 12.109055499966745,
                                                            "count": 72888,
                                                            "is_parallel": true,
                                                            "self": 12.109055499966745
                                                        },
                                                        "communicator.exchange": {
                                                            "total": 2805.6468775000008,
                                                            "count": 72888,
                                                            "is_parallel": true,
                                                            "self": 2805.6468775000008
                                                        },
                                                        "steps_from_proto": {
                                                            "total": 74.33749879998138,
                                                            "count": 72888,