{"cameraMode":{"drawMode":0,"name":"Shaded","section":"Shading Mode"},"sceneLighting":false,"audioPlay":false,"sceneViewState":{"showFog":true,"showMaterialUpdate":false,"showSkybox":false,"showFlares":true,"showImageEffects":true,"showParticleSystems":true},"in2DMode":false,"pivot":{"x":-0.384946346282959,"y":-3.274862289428711,"z":-0.040276527404785159},"rotation":{"x":-0.2751556932926178,"y":0.17809566855430604,"z":-0.05194966122508049,"w":-0.9433396458625794},"size":12.510967254638672,"orthographic":false}