{"cameraMode":{"drawMode":0,"name":"Shaded","section":"Shading Mode"},"sceneLighting":false,"audioPlay":false,"sceneViewState":{"showFog":true,"showMaterialUpdate":false,"showSkybox":false,"showFlares":true,"showImageEffects":true,"showParticleSystems":true},"in2DMode":false,"pivot":{"x":-2.2987513542175295,"y":-0.4476947784423828,"z":1.3869132995605469},"rotation":{"x":-0.34253624081611636,"y":0.1490497887134552,"z":-0.055139459669589999,"w":-0.9259759783744812},"size":10.894311904907227,"orthographic":false}