{"cameraMode":{"drawMode":0,"name":"Shaded","section":"Shading Mode"},"sceneLighting":false,"audioPlay":false,"sceneViewState":{"showFog":true,"showMaterialUpdate":false,"showSkybox":false,"showFlares":true,"showImageEffects":true,"showParticleSystems":true},"in2DMode":false,"pivot":{"x":0.0,"y":1.3875491619110108,"z":-20.59345817565918},"rotation":{"x":0.13676683604717256,"y":-0.05346512421965599,"z":0.007392460480332375,"w":0.9891327619552612},"size":16.621591567993165,"orthographic":true}