{"cameraMode":{"drawMode":0,"name":"Shaded","section":"Shading Mode"},"sceneLighting":false,"audioPlay":false,"sceneViewState":{"showFog":true,"showMaterialUpdate":false,"showSkybox":false,"showFlares":true,"showImageEffects":true,"showParticleSystems":true},"in2DMode":false,"pivot":{"x":0.0,"y":1.3875491619110108,"z":-31.186912536621095},"rotation":{"x":0.2680331766605377,"y":-0.1623329222202301,"z":0.04587175324559212,"w":0.9485267996788025},"size":14.222797393798829,"orthographic":true}